Human	Mouse	detect	sp_coef
0.691365657218504	0.637	0.8073518444880465	0.8361749699303196
0.7267066399394683	0.547	0.2954359329904341	0.8539659267373478
