Human	Mouse	detect	sp_coef
0.7901552320677264	0.581	0.23226574152340487	0.8460588348231132
0.7929352129710872	0.626	0.20779862408572655	0.43192489581507054
