Human	Mouse	detect	sp_coef
0.8025673051635568	0.632	0.20638987527720887	0.8337040037071214
0.7982071402890263	0.62	0.21377282416256185	0.5871015746319266
0.789434282602899	0.639	0.2047010893070204	0.8292562645053644
